model,accuracy,f1_macro,f1_H,f1_D,f1_A,roc_auc,log_loss,brier
XGBoost,0.5407166123778502,0.4685836509294547,0.6555183946488294,0.22,0.5302325581395348,0.6509193322435727,1.1012396797786872,0.6263534953107387
LightGBM,0.5146579804560261,0.4463532159610591,0.6418918918918919,0.2156862745098039,0.4814814814814814,0.6531779548367588,1.1892640245031798,0.6527432238930329
LogisticRegression,0.4755700325732899,0.4344982382015852,0.6022304832713755,0.2158273381294964,0.4854368932038835,0.6477907179654164,1.0438443146045258,0.6197094224185662
RandomForest,0.5504885993485342,0.4289832051932508,0.6584615384615384,0.0821917808219178,0.5462962962962963,0.6604885740229824,1.1057172870743612,0.5849437270336402
StackingEnsemble,0.5732899022801303,0.42191995338504684,0.6728395061728395,0.0,0.5929203539823009,0.6589753091178187,0.9780134905420396,0.5826518141740238
MLP,0.5309446254071661,0.4096081544913385,0.6336633663366337,0.0579710144927536,0.5371900826446281,0.6513639522865612,0.9871822563060164,0.5926081915701095
SVM,0.5472312703583062,0.4003267528931245,0.6523076923076923,0.0,0.5486725663716814,0.6233039279498672,0.9956599977779228,0.5936113153431385
